COUNTRY,ISO3,WHO_REGION,DATA_SOURCE,DATE_UPDATED,TOTAL_VACCINATIONS,PERSONS_VACCINATED_1PLUS_DOSE,TOTAL_VACCINATIONS_PER100,PERSONS_VACCINATED_1PLUS_DOSE_PER100,PERSONS_FULLY_VACCINATED,PERSONS_FULLY_VACCINATED_PER100,VACCINES_USED,FIRST_VACCINE_DATE,NUMBER_VACCINES_TYPES_USED
Afghanistan,AFG,EMRO,REPORTING,2021-11-14,4018197,3530173,10.322,9.068,3188609,8.191,"Beijing CNBG - BBIBP-CorV,Janssen - Ad26.COV 2-S,Pfizer BioNTech - Comirnaty,SII - Covishield",2021-02-22,4
Albania,ALB,EURO,REPORTING,2021-11-14,1975027,1051658,68.6,36.953,923369,32.445,"AstraZeneca - Vaxzevria,Gamaleya - Gam-Covid-Vac,Pfizer BioNTech - Comirnaty,SII - Covishield,Sinovac - CoronaVac",2021-01-13,5
Algeria,DZA,AFRO,REPORTING,2021-11-13,11376816,6446373,25.944,14.701,4930443,11.244,"Beijing CNBG - BBIBP-CorV,Gamaleya - Gam-Covid-Vac,SII - Covishield,Sinovac - CoronaVac",2021-01-30,4
American Samoa,ASM,WPRO,REPORTING,2021-11-15,66540,35212,120.55,63.793,31098,56.34,"Janssen - Ad26.COV 2-S,Moderna - Spikevax,Pfizer BioNTech - Comirnaty",2020-12-21,3
Andorra,AND,EURO,REPORTING,2021-10-31,104534,54999,135.3,72.199,49535,65.026,"AstraZeneca - Vaxzevria,Moderna - Spikevax,Pfizer BioNTech - Comirnaty",2021-01-20,3
Angola,AGO,AFRO,REPORTING,2021-11-21,8798259,6145451,26.77,18.698,2652808,8.072,SII - Covishield,2021-03-10,1
Anguilla,AIA,AMRO,REPORTING,2021-11-19,19066,9906,127.09,66.031,9160,61.059,"AstraZeneca - Vaxzevria,Pfizer BioNTech - Comirnaty",2021-02-05,2
Antigua and Barbuda,ATG,AMRO,REPORTING,2021-11-19,115487,60789,117.929,62.075,54698,55.855,"AstraZeneca - Vaxzevria,Beijing CNBG - BBIBP-CorV,Gamaleya - Gam-Covid-Vac,Janssen - Ad26.COV 2-S,Pfizer BioNTech - Comirnaty,SII - Covishield",2021-02-19,6
Argentina,ARG,AMRO,REPORTING,2021-11-19,65193571,36137522,144.247,79.958,28189936,62.373,"AstraZeneca - Vaxzevria,Beijing CNBG - BBIBP-CorV,CanSino - Convidecia,Gamaleya - Gam-Covid-Vac,Moderna - Spikevax,Pfizer BioNTech - Comirnaty,SII - Covishield",2020-12-29,7
Armenia,ARM,EURO,REPORTING,2021-11-14,923530,645035,31.2,21.768,278495,9.398,"AstraZeneca - Vaxzevria,Beijing CNBG - BBIBP-CorV,Gamaleya - Gam-Covid-Vac,Moderna - Spikevax,Sinovac - CoronaVac",2021-06-16,5
Aruba,ABW,AMRO,REPORTING,2021-11-19,160581,83192,150.405,77.92,77389,72.485,"Janssen - Ad26.COV 2-S,Pfizer BioNTech - Comirnaty",2021-02-17,2
Australia,AUS,WPRO,REPORTING,2021-11-13,37644701,19541933,147.627,76.635,17835028,69.942,"AstraZeneca - Vaxzevria,Novavax - Covavax,Pfizer BioNTech - Comirnaty",2021-02-21,3
Austria,AUT,EURO,REPORTING,2021-11-14,11467445,6119958,128.8,68.755,5347487,63.846,"AstraZeneca - Vaxzevria,Janssen - Ad26.COV 2-S,Moderna - Spikevax,Pfizer BioNTech - Comirnaty",2020-12-30,4
Azerbaijan,AZE,EURO,REPORTING,2021-11-14,9287472,5014018,91.6,49.452,4273454,42.148,"AstraZeneca - Vaxzevria,Gamaleya - Gam-Covid-Vac,Pfizer BioNTech - Comirnaty,Sinovac - CoronaVac",2021-01-20,4
Bahamas,BHS,AMRO,REPORTING,2021-11-19,274502,149231,69.804,37.949,134481,34.198,"AstraZeneca - Vaxzevria,Janssen - Ad26.COV 2-S,Pfizer BioNTech - Comirnaty,SII - Covishield",2021-03-14,4
Bahrain,BHR,EMRO,REPORTING,2021-11-21,2858015,1185754,167.963,69.686,1153488,67.789,"AstraZeneca - Vaxzevria,Beijing CNBG - BBIBP-CorV,Gamaleya - Gam-Covid-Vac,Gamaleya - Sputnik-Light,Janssen - Ad26.COV 2-S,Moderna - Spikevax,Pfizer BioNTech - Comirnaty,SII - Covishield",2020-11-04,8
Bangladesh,BGD,SEARO,REPORTING,2021-11-16,86243011,52507248,52.367,31.883,33735763,20.484,"AstraZeneca - Vaxzevria,Beijing CNBG - BBIBP-CorV,Gamaleya - Gam-Covid-Vac,Janssen - Ad26.COV 2-S,Moderna - Spikevax,Pfizer BioNTech - Comirnaty,SII - Covishield,Sinovac - CoronaVac",2021-01-27,8
Barbados,BRB,AMRO,REPORTING,2021-11-19,285653,152195,99.401,52.96,133458,46.44,"AstraZeneca - Vaxzevria,Beijing CNBG - BBIBP-CorV,Pfizer BioNTech - Comirnaty,SII - Covishield",2021-02-10,4
Belarus,BLR,EURO,REPORTING,2021-11-14,5685092,3259591,60.2,34.496,2425501,25.669,"Beijing CNBG - BBIBP-CorV,Gamaleya - Gam-Covid-Vac",2021-02-03,2
Belgium,BEL,EURO,REPORTING,2021-11-14,16973297,8763583,147.3,76.057,8209714,74.806,"AstraZeneca - Vaxzevria,Janssen - Ad26.COV 2-S,Moderna - Spikevax,Pfizer BioNTech - Comirnaty",2020-12-30,4
Belize,BLZ,AMRO,REPORTING,2021-11-19,403528,227261,101.484,57.154,190806,47.986,"AstraZeneca - Vaxzevria,Beijing CNBG - BBIBP-CorV,Janssen - Ad26.COV 2-S,Pfizer BioNTech - Comirnaty,SII - Covishield",2021-03-01,5
Benin,BEN,AFRO,REPORTING,2021-11-19,383501,339452,3.163,2.8,297726,2.456,"AstraZeneca - Vaxzevria,Janssen - Ad26.COV 2-S,Pfizer BioNTech - Comirnaty,SII - Covishield,Sinovac - CoronaVac",2021-03-29,5
Bermuda,BMU,AMRO,REPORTING,2021-11-19,89841,45414,144.27,72.927,44427,71.342,"AstraZeneca - Vaxzevria,Pfizer BioNTech - Comirnaty",2021-01-11,2
Bhutan,BTN,SEARO,REPORTING,2021-10-31,1148146,588307,148.799,76.244,559839,72.555,"AstraZeneca - Vaxzevria,Beijing CNBG - BBIBP-CorV,Moderna - Spikevax,Pfizer BioNTech - Comirnaty,SII - Covishield",2021-03-27,5
Bolivia (Plurinational State of),BOL,AMRO,REPORTING,2021-11-19,8267900,4852148,70.829,41.567,4027093,34.499,"Beijing CNBG - BBIBP-CorV,Gamaleya - Gam-Covid-Vac,Janssen - Ad26.COV 2-S,Pfizer BioNTech - Comirnaty,SII - Covishield",2021-01-30,5
Bonaire,XAA,AMRO,REPORTING,2021-11-19,31751,16861,151.81,80.617,14890,71.193,,,
"Bonaire, Sint Eustatius and Saba",BES,AMRO,REPORTING,2021-04-09,7391,5726,28.441,22.034,2965,11.41,"Moderna - Spikevax,Pfizer BioNTech - Comirnaty",2021-02-22,2
Bosnia and Herzegovina,BIH,EURO,REPORTING,2021-11-04,1553874,833233,47.4,25.397,720631,21.965,"AstraZeneca - AZD1222, Pfizer BioNTech - Comirnaty, Sinovac - CoronaVac, Gamaleya - Sputnik V",,4
Botswana,BWA,AFRO,REPORTING,2021-11-15,945051,945051,40.187,40.187,743531,31.618,"Bharat - Covaxin,Janssen - Ad26.COV 2-S,Moderna - Spikevax,Pfizer BioNTech - Comirnaty,SII - Covishield,Sinovac - CoronaVac",2021-03-26,6
Brazil,BRA,AMRO,REPORTING,2021-11-19,279218158,159636656,131.36,75.102,124396384,58.523,"AstraZeneca - Vaxzevria,Janssen - Ad26.COV 2-S,Pfizer BioNTech - Comirnaty,SII - Covishield,Sinovac - CoronaVac",2021-01-17,5
British Virgin Islands,VGB,AMRO,REPORTING,2021-11-19,34608,18137,114.456,59.983,16471,54.473,"AstraZeneca - Vaxzevria,Janssen - Ad26.COV 2-S",2021-02-11,2
Brunei Darussalam,BRN,WPRO,REPORTING,2021-11-12,686172,378122,156.847,86.432,295458,67.536,"AstraZeneca - Vaxzevria,Beijing CNBG - BBIBP-CorV,Janssen - Ad26.COV 2-S,Moderna - Spikevax,Pfizer BioNTech - Comirnaty",2021-04-03,5
Bulgaria,BGR,EURO,REPORTING,2021-11-14,3031450,1786530,43.6,25.7,1244920,23.362,"AstraZeneca - Vaxzevria,Janssen - Ad26.COV 2-S,Moderna - Spikevax,Pfizer BioNTech - Comirnaty",2020-12-30,4
Burkina Faso,BFA,AFRO,REPORTING,2021-11-19,421131,379051,2.015,1.813,308889,1.478,"Beijing CNBG - BBIBP-CorV,Janssen - Ad26.COV 2-S,SII - Covishield",2021-06-02,3
Burundi,BDI,AFRO,REPORTING,2021-11-15,1266,871,0.011,0.007,395,0.003,Beijing CNBG - BBIBP-CorV,2021-10-18,1
Cabo Verde,CPV,AFRO,REPORTING,2021-11-19,539908,303569,97.108,54.6,236339,42.508,"Beijing CNBG - BBIBP-CorV,Moderna - Spikevax,Pfizer BioNTech - Comirnaty,SII - Covishield",2021-03-18,4
Cambodia,KHM,WPRO,REPORTING,2021-11-12,28210938,14045675,168.736,84.01,13199809,78.951,"AstraZeneca - Vaxzevria,Beijing CNBG - BBIBP-CorV,Janssen - Ad26.COV 2-S,SII - Covishield,Sinovac - CoronaVac",2021-02-10,5
Cameroon,CMR,AFRO,REPORTING,2021-11-22,859760,704917,3.239,2.655,504892,1.902,"Beijing CNBG - BBIBP-CorV,Janssen - Ad26.COV 2-S,Pfizer BioNTech - Comirnaty,SII - Covishield",2021-04-12,4
Canada,CAN,AMRO,REPORTING,2021-11-19,59852559,30121803,158.583,79.809,28795770,76.296,"AstraZeneca - Vaxzevria,Janssen - Ad26.COV 2-S,Moderna - Spikevax,Pfizer BioNTech - Comirnaty,SII - Covishield",2020-12-14,5
Cayman Islands,CYM,AMRO,REPORTING,2021-11-19,121080,57558,184.236,87.581,55352,84.224,Pfizer BioNTech - Comirnaty,2021-01-15,1
Central African Republic,CAF,AFRO,REPORTING,2021-11-19,422496,362298,8.748,7.501,321982,6.667,"Bharat - Covaxin,SII - Covishield",2021-03-19,2
Chad,TCD,AFRO,REPORTING,2021-11-21,249651,179130,1.52,1.091,70521,0.429,Beijing CNBG - BBIBP-CorV,2021-06-04,1
Chile,CHL,AMRO,REPORTING,2021-11-19,39642261,16752572,207.375,87.635,15853872,82.934,"AstraZeneca - Vaxzevria,CanSino - Convidecia,Pfizer BioNTech - Comirnaty,Sinovac - CoronaVac",2020-12-21,4
China,CHN,WPRO,REPORTING,2021-11-12,2337700250,1155126274,158.888,78.511,1014843030,68.977,"Anhui ZL - Recombinant,Beijing CNBG - BBIBP-CorV,CanSino - Convidecia,IMB - Inactivated,Pfizer BioNTech - Comirnaty,Shenzhen - LV-SMENP-DC,Sinovac - CoronaVac,Wuhan CNBG - Inactivated",2020-07-22,8
Colombia,COL,AMRO,REPORTING,2021-11-19,51955048,32849124,102.107,64.558,22989636,45.181,"AstraZeneca - Vaxzevria,Janssen - Ad26.COV 2-S,Moderna - Spikevax,Pfizer BioNTech - Comirnaty,Sinovac - CoronaVac",2021-02-17,5
Comoros,COM,AFRO,REPORTING,2021-11-14,476350,278152,54.778,31.986,198198,22.792,"Beijing CNBG - BBIBP-CorV,Bharat - Covaxin,SII - Covishield",2021-04-10,3
Congo,COG,AFRO,REPORTING,2021-11-20,625579,496643,11.337,9,453302,8.215,"Beijing CNBG - BBIBP-CorV,Gamaleya - Gam-Covid-Vac,Moderna - Spikevax,SII - Covishield",2021-03-23,4
Cook Islands,COK,WPRO,REPORTING,2021-10-30,24346,12600,138.613,71.738,11726,66.762,Pfizer BioNTech - Comirnaty,2021-05-17,1
Costa Rica,CRI,AMRO,REPORTING,2021-11-19,6878077,3821682,135.02,75.021,3030603,59.492,"AstraZeneca - Vaxzevria,Pfizer BioNTech - Comirnaty",2020-12-24,2
Côte d’Ivoire,CIV,AFRO,REPORTING,2021-11-14,3845788,2669432,14.579,10.12,1176366,4.46,"Beijing CNBG - BBIBP-CorV,Gamaleya - Gam-Covid-Vac,Janssen - Ad26.COV 2-S,Pfizer BioNTech - Comirnaty,SII - Covishield",2021-03-01,5
Croatia,HRV,EURO,REPORTING,2021-11-14,3769643,2047250,92.9,50.527,1719168,45.857,"AstraZeneca - Vaxzevria,Janssen - Ad26.COV 2-S,Moderna - Spikevax,Pfizer BioNTech - Comirnaty",2020-12-23,4
Cuba,CUB,AMRO,REPORTING,2021-11-19,27741924,10110794,244.927,89.266,8951589,79.031,"CIGB - CIGB-66,Finlay - Soberana Plus,Finlay - Soberana-02",,3
Curaçao,CUW,AMRO,REPORTING,2021-11-19,196285,102165,119.618,62.26,94120,57.358,"AstraZeneca - Vaxzevria,Moderna - Spikevax,Pfizer BioNTech - Comirnaty",2021-02-24,3
Cyprus,CYP,EURO,REPORTING,2021-11-14,1182711,610300,133.2,68.727,572411,66.85,"AstraZeneca - Vaxzevria,Janssen - Ad26.COV 2-S,Moderna - Spikevax,Pfizer BioNTech - Comirnaty",2020-12-23,4
Czechia,CZE,EURO,REPORTING,2021-11-14,12271040,6416439,114.7,60.001,5854601,57.863,"AstraZeneca - Vaxzevria,Janssen - Ad26.COV 2-S,Moderna - Spikevax,Pfizer BioNTech - Comirnaty",2020-12-23,4
Democratic Republic of the Congo,COD,AFRO,REPORTING,2021-11-22,167791,124424,0.187,0.139,46256,0.052,SII - Covishield,2021-04-19,1
Denmark,DNK,EURO,REPORTING,2021-11-14,8868669,4498989,152.3,77.266,4369680,75.833,"AstraZeneca - Vaxzevria,Janssen - Ad26.COV 2-S,Moderna - Spikevax,Pfizer BioNTech - Comirnaty",2020-12-16,4
Djibouti,DJI,EMRO,REPORTING,2021-11-22,92913,73592,9.404,7.449,55787,5.646,"Beijing CNBG - BBIBP-CorV,Gamaleya - Gam-Covid-Vac,Janssen - Ad26.COV 2-S,Pfizer BioNTech - Comirnaty,SII - Covishield,Sinovac - CoronaVac",2021-03-15,6
Dominica,DMA,AMRO,REPORTING,2021-11-19,55134,28590,76.585,39.713,26544,36.871,"AstraZeneca - Vaxzevria,Beijing CNBG - BBIBP-CorV,Pfizer BioNTech - Comirnaty,SII - Covishield",2021-02-12,4
Dominican Republic,DOM,AMRO,REPORTING,2021-11-19,13656936,6837441,125.895,63.03,5518624,50.873,"AstraZeneca - Vaxzevria,SII - Covishield,Sinovac - CoronaVac",2021-02-16,3
Ecuador,ECU,AMRO,REPORTING,2021-11-19,23726729,13233347,134.482,75.006,10687613,60.577,"AstraZeneca - Vaxzevria,CanSino - Convidecia,Pfizer BioNTech - Comirnaty,Sinovac - CoronaVac",2021-01-20,4
Egypt,EGY,EMRO,REPORTING,2021-11-20,36906765,23649491,36.065,23.11,14022224,13.702,"AstraZeneca - Vaxzevria,Beijing CNBG - BBIBP-CorV,Gamaleya - Gam-Covid-Vac,Janssen - Ad26.COV 2-S,Pfizer BioNTech - Comirnaty,Sinovac - CoronaVac",2021-01-24,6
El Salvador,SLV,AMRO,REPORTING,2021-11-19,8933030,4381956,137.724,67.558,3993237,61.565,"AstraZeneca - Vaxzevria,Beijing CNBG - BBIBP-CorV,Moderna - Spikevax,Pfizer BioNTech - Comirnaty,SII - Covishield,Sinovac - CoronaVac",2021-02-17,6
Equatorial Guinea,GNQ,AFRO,REPORTING,2021-11-18,441106,245832,31.441,17.522,195274,13.918,"Beijing CNBG - BBIBP-CorV,Sinovac - CoronaVac",2021-02-12,2
Estonia,EST,EURO,REPORTING,2021-11-14,1501210,812416,113,61.131,688794,57.002,"AstraZeneca - Vaxzevria,Janssen - Ad26.COV 2-S,Moderna - Spikevax,Pfizer BioNTech - Comirnaty",2020-12-23,4
Eswatini,SWZ,AFRO,REPORTING,2021-11-18,293353,269356,25.285,23.217,258674,22.296,"Janssen - Ad26.COV 2-S,Pfizer BioNTech - Comirnaty,SII - Covishield",2021-03-19,3
Ethiopia,ETH,AFRO,REPORTING,2021-11-22,5786422,2858077,5.033,2.486,2928345,2.547,"Beijing CNBG - BBIBP-CorV,Bharat - Covaxin,Janssen - Ad26.COV 2-S,SII - Covishield",2021-03-13,4
Falkland Islands (Malvinas),FLK,AMRO,OWID,2021-04-14,4407,2632,126.529,75.567,1775,50.962,AstraZeneca - AZD1222,,1
Faroe Islands,FRO,EURO,OWID,2021-11-05,78347,40205,160.334,82.278,38142,78.056,"Moderna - mRNA-1273, Pfizer BioNTech - Comirnaty",,2
Fiji,FJI,WPRO,REPORTING,2021-11-12,1208816,632505,134.846,70.557,576311,64.288,"AstraZeneca - Vaxzevria,Moderna - Spikevax,SII - Covishield",2021-03-07,3
Finland,FIN,EURO,REPORTING,2021-11-14,8226806,4258372,148.9,77.071,3968434,71.823,"AstraZeneca - Vaxzevria,Janssen - Ad26.COV 2-S,Moderna - Spikevax,Pfizer BioNTech - Comirnaty",2020-12-23,4
France,FRA,EURO,REPORTING,2021-11-07,96508553,51382867,143.4,76.326,45125686,68.58,"AstraZeneca - Vaxzevria,Janssen - Ad26.COV 2-S,Moderna - Spikevax,Pfizer BioNTech - Comirnaty",2020-12-30,4
French Guiana,GUF,AMRO,REPORTING,2021-11-19,165026,86954,55.251,29.113,75790,25.375,"Moderna - Spikevax,Pfizer BioNTech - Comirnaty",2021-01-13,2
French Polynesia,PYF,WPRO,REPORTING,2021-11-15,306528,159343,109.12,56.724,147185,52.396,"Janssen - Ad26.COV 2-S,Pfizer BioNTech - Comirnaty",2021-01-18,2
Gabon,GAB,AFRO,REPORTING,2021-11-22,273421,161795,12.285,7.269,111626,5.015,"Beijing CNBG - BBIBP-CorV,Gamaleya - Gam-Covid-Vac,Pfizer BioNTech - Comirnaty",2021-03-23,3
Gambia,GMB,AFRO,REPORTING,2021-11-21,268008,236834,11.09,9.8,222890,9.223,"Beijing CNBG - BBIBP-CorV,SII - Covishield",2021-03-10,2
Georgia,GEO,EURO,REPORTING,2021-11-14,1902251,1021272,47.7,25.601,880979,22.084,"AstraZeneca - Vaxzevria,Beijing CNBG - BBIBP-CorV,Pfizer BioNTech - Comirnaty,Sinovac - CoronaVac",2021-03-17,4
Germany,DEU,EURO,REPORTING,2021-11-14,111086999,58264779,133.6,70.058,52822220,67.545,"AstraZeneca - Vaxzevria,Janssen - Ad26.COV 2-S,Moderna - Spikevax,Pfizer BioNTech - Comirnaty",2020-12-23,4
Ghana,GHA,AFRO,REPORTING,2021-11-17,3162666,2328335,10.178,7.493,834331,2.685,"Gamaleya - Gam-Covid-Vac,SII - Covishield",2021-03-02,2
Gibraltar,GIB,EURO,OWID,2021-11-18,95407,40787,283.182,121.062,39815,118.177,Pfizer BioNTech - Comirnaty,,1
Greece,GRC,EURO,REPORTING,2021-11-14,12794372,6793945,119.4,63.385,6000427,60.642,"AstraZeneca - Vaxzevria,Janssen - Ad26.COV 2-S,Moderna - Spikevax,Pfizer BioNTech - Comirnaty",2020-12-23,4
Greenland,GRL,EURO,OWID,2021-11-04,77383,40125,136.305,70.677,37258,65.627,Moderna - mRNA-1273,,1
Grenada,GRD,AMRO,REPORTING,2021-11-19,73320,39717,65.16,35.297,33603,29.863,"AstraZeneca - Vaxzevria,Janssen - Ad26.COV 2-S,Pfizer BioNTech - Comirnaty,SII - Covishield",2021-02-15,4
Guadeloupe,GLP,AMRO,REPORTING,2021-11-19,266496,134893,66.603,33.713,125055,31.254,"AstraZeneca - Vaxzevria,Moderna - Spikevax,Pfizer BioNTech - Comirnaty",2021-01-08,5
Guam,GUM,WPRO,REPORTING,2021-11-15,260203,133433,154.172,79.06,122728,72.717,"Janssen - Ad26.COV 2-S,Moderna - Spikevax,Pfizer BioNTech - Comirnaty",2021-01-04,3
Guatemala,GTM,AMRO,REPORTING,2021-11-19,9353918,5637669,52.211,31.468,3716249,20.743,"AstraZeneca - Vaxzevria,Gamaleya - Gam-Covid-Vac,Moderna - Spikevax,Pfizer BioNTech - Comirnaty,SII - Covishield",2021-02-25,5
Guernsey,GGY,EURO,OWID,2021-11-15,104070,,161.429,,,,"Moderna - mRNA-1273, AstraZeneca - AZD1222, Pfizer BioNTech - Comirnaty",,3
Guinea,GIN,AFRO,REPORTING,2021-11-21,2535695,1643080,19.308,12.511,892615,6.797,"Beijing CNBG - BBIBP-CorV,Gamaleya - Gam-Covid-Vac,Janssen - Ad26.COV 2-S,Pfizer BioNTech - Comirnaty,SII - Covishield,Sinovac - CoronaVac",2021-03-05,6
Guinea-Bissau,GNB,AFRO,REPORTING,2021-11-22,363573,345207,18.474,17.541,18366,0.933,"Beijing CNBG - BBIBP-CorV,SII - Covishield",2021-04-02,2
Guyana,GUY,AMRO,REPORTING,2021-11-19,660221,394094,83.939,50.104,266127,33.835,"AstraZeneca - Vaxzevria,Beijing CNBG - BBIBP-CorV,Gamaleya - Gam-Covid-Vac,Moderna - Spikevax,Pfizer BioNTech - Comirnaty,SII - Covishield",2021-02-11,6
Haiti,HTI,AMRO,REPORTING,2021-11-19,158479,106997,1.39,0.938,51823,0.454,"Janssen - Ad26.COV 2-S,Moderna - Spikevax",,2
Honduras,HND,AMRO,REPORTING,2021-11-19,7916340,3987966,79.926,40.264,3928749,39.666,"AstraZeneca - Vaxzevria,Gamaleya - Gam-Covid-Vac,Janssen - Ad26.COV 2-S,Moderna - Spikevax,Pfizer BioNTech - Comirnaty,SII - Covishield",2021-02-26,6
Hungary,HUN,EURO,REPORTING,2021-11-14,11505252,5946502,117.8,60.868,5558750,58.684,"AstraZeneca - Vaxzevria,Beijing CNBG - BBIBP-CorV,Gamaleya - Gam-Covid-Vac,Janssen - Ad26.COV 2-S,Moderna - Spikevax,Pfizer BioNTech - Comirnaty,Sinovac - CoronaVac",2020-12-23,7
Iceland,ISL,EURO,REPORTING,2021-11-14,508265,283235,139.6,77.783,225030,76.605,"AstraZeneca - Vaxzevria,Janssen - Ad26.COV 2-S,Moderna - Spikevax,Pfizer BioNTech - Comirnaty",2020-12-30,4
India,IND,SEARO,REPORTING,2021-11-16,1136168939,755421684,82.331,54.741,380747255,27.59,"Bharat - Covaxin,Gamaleya - Gam-Covid-Vac,Janssen - Ad26.COV 2-S,Moderna - Spikevax,SII - Covishield",2021-01-16,5
Indonesia,IDN,SEARO,REPORTING,2021-11-16,217436846,131675335,79.495,48.14,85761511,31.354,"AstraZeneca - Vaxzevria,Beijing CNBG - BBIBP-CorV,Janssen - Ad26.COV 2-S,Moderna - Spikevax,Pfizer BioNTech - Comirnaty,Sinovac - CoronaVac",2021-01-13,6
Iran (Islamic Republic of),IRN,EMRO,REPORTING,2021-11-14,98176033,55637999,116.886,66.241,42084168,50.104,"AstraZeneca - Vaxzevria,Beijing CNBG - BBIBP-CorV,Bharat - Covaxin,Finlay - Soberana-02,Gamaleya - Gam-Covid-Vac,Shifa - COVIran Barakat",2021-02-09,6
Iraq,IRQ,EMRO,REPORTING,2021-11-21,11380981,7055224,28.295,17.54,4325757,10.755,"AstraZeneca - Vaxzevria,Beijing CNBG - BBIBP-CorV,Gamaleya - Gam-Covid-Vac,Pfizer BioNTech - Comirnaty",2021-03-02,4
Ireland,IRL,EURO,REPORTING,2021-11-14,7367834,3835981,148.4,77.269,3531853,75.903,"AstraZeneca - Vaxzevria,Janssen - Ad26.COV 2-S,Moderna - Spikevax,Pfizer BioNTech - Comirnaty",2020-12-30,4
Isle of Man,IMN,EURO,OWID,2021-11-19,132969,68208,156.375,80.215,64761,76.161,"Moderna - mRNA-1273, AstraZeneca - AZD1222, Pfizer BioNTech - Comirnaty",,3
Israel,ISR,EURO,REPORTING,2021-11-07,11982499,6241252,138.4,72.107,5741247,66.33,"AstraZeneca - Vaxzevria,Moderna - Spikevax,Pfizer BioNTech - Comirnaty",2020-12-16,3
Italy,ITA,EURO,REPORTING,2021-11-14,88459929,46596579,148.3,78.132,41860657,72.659,"AstraZeneca - Vaxzevria,Janssen - Ad26.COV 2-S,Moderna - Spikevax,Pfizer BioNTech - Comirnaty",2020-12-23,4
Jamaica,JAM,AMRO,REPORTING,2021-11-19,1067575,641549,36.053,21.665,488824,16.508,"AstraZeneca - Vaxzevria,Janssen - Ad26.COV 2-S,Pfizer BioNTech - Comirnaty,SII - Covishield",2021-03-10,4
Japan,JPN,WPRO,REPORTING,2021-11-11,193681996,99092741,153.137,78.349,94589255,74.788,"AstraZeneca - Vaxzevria,Moderna - Spikevax,Novavax - Covavax,Pfizer BioNTech - Comirnaty",2021-02-17,4
Jersey,JEY,EURO,OWID,2021-11-14,179485,79346,166.504,73.608,74906,69.489,"Moderna - mRNA-1273, AstraZeneca - AZD1222, Pfizer BioNTech - Comirnaty",,3
Jordan,JOR,EMRO,REPORTING,2021-11-22,7846525,4086580,76.903,40.052,3682432,36.091,"AstraZeneca - Vaxzevria,Beijing CNBG - BBIBP-CorV,Gamaleya - Gam-Covid-Vac,Janssen - Ad26.COV 2-S,Moderna - Spikevax,Pfizer BioNTech - Comirnaty",2021-01-13,6
Kazakhstan,KAZ,EURO,REPORTING,2021-11-14,16318532,8519850,86.9,45.375,7798682,41.534,"Beijing CNBG - BBIBP-CorV,Gamaleya - Gam-Covid-Vac,Pfizer BioNTech - Comirnaty,RIBSP - QazVac,Sinovac - CoronaVac",2021-04-07,5
Kenya,KEN,AFRO,REPORTING,2021-11-21,6398580,3990944,11.9,7.422,2407636,4.478,"Beijing CNBG - BBIBP-CorV,Janssen - Ad26.COV 2-S,Moderna - Spikevax,Pfizer BioNTech - Comirnaty,SII - Covishield",2021-03-05,5
Kiribati,KIR,WPRO,REPORTING,2021-10-30,72912,57722,61.04,48.324,15190,12.717,"AstraZeneca - Vaxzevria,Beijing CNBG - BBIBP-CorV",2021-05-26,2
Kosovo,XKX,EURO,REPORTING,2021-11-14,1594449,845017,88.8,47.059,749432,41.736,"AstraZeneca - AZD1222, Pfizer BioNTech - Comirnaty",,2
Kuwait,KWT,EMRO,REPORTING,2021-08-14,2668082,,62.476,,,,"AstraZeneca - Vaxzevria,Beijing CNBG - BBIBP-CorV,Janssen - Ad26.COV 2-S,Moderna - Spikevax,Pfizer BioNTech - Comirnaty",2020-12-28,5
Kyrgyzstan,KGZ,EURO,REPORTING,2021-11-14,1825313,1019190,28,15.622,806123,12.356,"AstraZeneca - Vaxzevria,Beijing CNBG - BBIBP-CorV,Gamaleya - Gam-Covid-Vac,Pfizer BioNTech - Comirnaty,RIBSP - QazVac",2021-03-31,5
Lao People's Democratic Republic,LAO,WPRO,REPORTING,2021-10-17,5404986,3474145,74.29,47.751,2913160,40.04,"AstraZeneca - Vaxzevria,Beijing CNBG - BBIBP-CorV,Gamaleya - Gam-Covid-Vac,Gamaleya - Sputnik-Light,Janssen - Ad26.COV 2-S,Pfizer BioNTech - Comirnaty,SII - Covishield,Sinovac - CoronaVac",2020-11-25,8
Latvia,LVA,EURO,REPORTING,2021-11-14,2020966,1185587,105.9,62.148,835379,56.212,"AstraZeneca - Vaxzevria,Janssen - Ad26.COV 2-S,Moderna - Spikevax,Pfizer BioNTech - Comirnaty",2020-12-30,4
Lebanon,LBN,EMRO,REPORTING,2021-11-21,3822121,2000235,55.998,29.306,1751791,25.666,"AstraZeneca - Vaxzevria,Beijing CNBG - BBIBP-CorV,Gamaleya - Gam-Covid-Vac,Pfizer BioNTech - Comirnaty",2021-02-14,4
Lesotho,LSO,AFRO,REPORTING,2021-11-17,617671,581857,28.833,27.161,572287,26.714,"Beijing CNBG - BBIBP-CorV,Janssen - Ad26.COV 2-S,SII - Covishield",2021-03-10,3
Liberia,LBR,AFRO,REPORTING,2021-11-18,589628,494052,11.658,9.768,456623,9.028,SII - Covishield,2021-04-01,1
Libya,LBY,EMRO,REPORTING,2021-11-21,2234121,1638674,32.514,23.848,595447,8.666,"AstraZeneca - Vaxzevria,Beijing CNBG - BBIBP-CorV,Gamaleya - Gam-Covid-Vac,Janssen - Ad26.COV 2-S,Moderna - Spikevax,Pfizer BioNTech - Comirnaty,Sinovac - CoronaVac",2021-04-11,7
Liechtenstein,LIE,OTHER,OWID,2021-11-18,49673,25578,128.198,66.013,24826,64.072,"Moderna - mRNA-1273, Pfizer BioNTech - Comirnaty",,2
Lithuania,LTU,EURO,REPORTING,2021-10-31,3307423,1811636,118.4,64.995,1491396,61.467,"AstraZeneca - Vaxzevria,Janssen - Ad26.COV 2-S,Moderna - Spikevax,Pfizer BioNTech - Comirnaty",2020-12-23,4
Luxembourg,LUX,EURO,REPORTING,2021-11-14,800514,429942,127.9,68.669,370572,65.504,"AstraZeneca - Vaxzevria,Janssen - Ad26.COV 2-S,Moderna - Spikevax,Pfizer BioNTech - Comirnaty",2020-12-30,4
Madagascar,MDG,AFRO,REPORTING,2021-11-22,625884,473726,2.26,1.711,425211,1.536,"Beijing CNBG - BBIBP-CorV,Janssen - Ad26.COV 2-S,SII - Covishield",2021-05-10,3
Malawi,MWI,AFRO,REPORTING,2021-11-21,1375450,1037113,7.19,5.421,587303,3.07,"Janssen - Ad26.COV 2-S,SII - Covishield",2021-03-11,2
Malaysia,MYS,WPRO,REPORTING,2021-11-12,50775578,25363704,156.879,78.365,24548285,75.846,"AstraZeneca - Vaxzevria,CanSino - Convidecia,Gamaleya - Gam-Covid-Vac,Pfizer BioNTech - Comirnaty,Sinovac - CoronaVac",2021-02-24,5
Maldives,MDV,SEARO,REPORTING,2021-11-15,756322,395125,139.919,73.098,361197,66.821,"AstraZeneca - Vaxzevria,Beijing CNBG - BBIBP-CorV,Gamaleya - Gam-Covid-Vac,Janssen - Ad26.COV 2-S,Moderna - Spikevax,Pfizer BioNTech - Comirnaty,SII - Covishield,Sinovac - CoronaVac",2021-02-01,8
Mali,MLI,AFRO,REPORTING,2021-11-21,627924,492512,3.101,2.432,281485,1.39,SII - Covishield,2021-03-31,1
Malta,MLT,EURO,REPORTING,2021-11-07,809520,422902,157.3,82.186,386618,81.194,"AstraZeneca - Vaxzevria,Janssen - Ad26.COV 2-S,Moderna - Spikevax,Pfizer BioNTech - Comirnaty",2020-12-23,4
Marshall Islands,MHL,WPRO,REPORTING,2021-11-15,44227,24630,74.715,41.609,21505,36.33,"Janssen - Ad26.COV 2-S,Moderna - Spikevax,Pfizer BioNTech - Comirnaty",2020-12-29,3
Martinique,MTQ,AMRO,REPORTING,2021-11-19,267746,134564,71.349,35.858,125229,33.371,Pfizer BioNTech - Comirnaty,,1
Mauritania,MRT,AFRO,REPORTING,2021-11-22,1725899,1054378,37.119,22.676,671521,14.442,"Beijing CNBG - BBIBP-CorV,SII - Covishield",2021-03-26,2
Mauritius,MUS,AFRO,REPORTING,2021-11-19,1827407,913774,143.69,71.851,878513,69.078,"Beijing CNBG - BBIBP-CorV,Bharat - Covaxin,SII - Covishield",2021-01-26,3
Mexico,MEX,AMRO,REPORTING,2021-11-19,130244910,75577084,101.018,58.617,63690510,49.398,"AstraZeneca - Vaxzevria,CanSino - Convidecia,Gamaleya - Gam-Covid-Vac,Janssen - Ad26.COV 2-S,Moderna - Spikevax,Pfizer BioNTech - Comirnaty,Sinovac - CoronaVac",2020-12-24,7
Micronesia (Federated States of),FSM,WPRO,REPORTING,2021-11-15,77849,47485,67.681,41.283,41898,36.426,"AstraZeneca - Vaxzevria,Janssen - Ad26.COV 2-S,Moderna - Spikevax,Pfizer BioNTech - Comirnaty",2021-01-13,4
Monaco,MCO,EURO,REPORTING,2021-09-16,49980,26672,127.4,67.965,23308,59.393,Pfizer BioNTech - Comirnaty,2021-06-30,1
Mongolia,MNG,WPRO,REPORTING,2021-11-12,4899110,2257449,149.441,68.861,2144417,65.413,"AstraZeneca - Vaxzevria,Beijing CNBG - BBIBP-CorV,Gamaleya - Gam-Covid-Vac,Moderna - Spikevax,Pfizer BioNTech - Comirnaty,SII - Covishield",2021-02-23,6
Montenegro,MNE,EURO,REPORTING,2021-11-14,484100,258578,77.1,41.581,225522,36.265,"AstraZeneca - Vaxzevria,Beijing CNBG - BBIBP-CorV,Gamaleya - Gam-Covid-Vac,Pfizer BioNTech - Comirnaty",2021-02-24,4
Montserrat,MSR,AMRO,REPORTING,2021-11-19,2949,1525,58.992,30.506,1423,28.466,AstraZeneca - Vaxzevria,2021-02-08,1
Morocco,MAR,EMRO,REPORTING,2021-11-21,48614680,24484400,131.709,66.334,22625602,61.298,"AstraZeneca - Vaxzevria,Beijing CNBG - BBIBP-CorV,Gamaleya - Gam-Covid-Vac,Janssen - Ad26.COV 2-S,Pfizer BioNTech - Comirnaty",2021-01-28,5
Mozambique,MOZ,AFRO,REPORTING,2021-11-19,8891246,5919277,28.447,18.938,2971969,9.509,"Beijing CNBG - BBIBP-CorV,Janssen - Ad26.COV 2-S,SII - Covishield",2021-03-08,3
Myanmar,MMR,SEARO,REPORTING,2021-11-13,24253764,14692607,44.576,27.004,9561157,17.572,"Beijing CNBG - BBIBP-CorV,SII - Covishield",2021-01-27,2
Namibia,NAM,AFRO,REPORTING,2021-11-19,573723,352187,22.579,13.861,291059,11.455,"Beijing CNBG - BBIBP-CorV,Janssen - Ad26.COV 2-S,Pfizer BioNTech - Comirnaty,SII - Covishield",2021-03-19,4
Nauru,NRU,WPRO,REPORTING,2021-08-20,14790,7612,136.515,70.26,7178,66.254,"AstraZeneca - Vaxzevria,SII - Covishield",2021-04-09,2
Nepal,NPL,SEARO,REPORTING,2021-11-16,16536009,8911971,56.753,30.587,7624038,26.166,"AstraZeneca - Vaxzevria,Beijing CNBG - BBIBP-CorV,Bharat - Covaxin,Gamaleya - Gam-Covid-Vac,Janssen - Ad26.COV 2-S,SII - Covishield",2021-01-27,6
Netherlands,NLD,EURO,REPORTING,2021-11-14,22865152,12419385,131.4,71.345,10445767,64.938,"AstraZeneca - Vaxzevria,Janssen - Ad26.COV 2-S,Moderna - Spikevax,Pfizer BioNTech - Comirnaty",2021-01-06,4
New Caledonia,NCL,WPRO,REPORTING,2021-11-10,342806,178199,120.073,62.417,164607,57.656,"Janssen - Ad26.COV 2-S,Pfizer BioNTech - Comirnaty",2021-01-20,2
New Zealand,NZL,WPRO,REPORTING,2021-11-12,7170281,3786316,148.692,78.518,3383965,70.174,"AstraZeneca - Vaxzevria,Janssen - Ad26.COV 2-S,Novavax - Covavax,Pfizer BioNTech - Comirnaty",2021-02-19,4
Nicaragua,NIC,AMRO,REPORTING,2021-11-19,1674896,1249238,25.283,18.858,494411,7.463,"AstraZeneca - Vaxzevria,CIGB - CIGB-66,Finlay - Soberana-02,Gamaleya - Gam-Covid-Vac,Gamaleya - Sputnik-Light,Janssen - Ad26.COV 2-S,Pfizer BioNTech - Comirnaty,SII - Covishield",2021-03-02,8
Niger,NER,AFRO,REPORTING,2021-11-19,963041,506083,3.978,2.091,456958,1.888,"Beijing CNBG - BBIBP-CorV,SII - Covishield",2021-03-29,2
Nigeria,NGA,AFRO,REPORTING,2021-11-21,9483387,6079895,4.6,2.949,3403492,1.651,SII - Covishield,2021-03-05,1
Niue,NIU,WPRO,REPORTING,2021-08-02,2352,1202,145.365,74.289,1150,71.075,Pfizer BioNTech - Comirnaty,2021-06-08,1
North Macedonia,MKD,EURO,REPORTING,2021-11-07,1586856,809211,76.2,38.975,777645,37.454,"AstraZeneca - Vaxzevria,Beijing CNBG - BBIBP-CorV,Gamaleya - Gam-Covid-Vac,Pfizer BioNTech - Comirnaty,Sinovac - CoronaVac,Wuhan CNBG - Inactivated",2021-02-17,6
Northern Mariana Islands (Commonwealth of the),MNP,WPRO,REPORTING,2021-11-12,77512,37745,134.67,65.578,35696,62.019,"Janssen - Ad26.COV 2-S,Moderna - Spikevax,Pfizer BioNTech - Comirnaty",2020-12-19,3
Norway,NOR,EURO,REPORTING,2021-11-14,7994428,4220300,148.9,78.626,3774128,70.418,"AstraZeneca - Vaxzevria,Janssen - Ad26.COV 2-S,Moderna - Spikevax,Pfizer BioNTech - Comirnaty",2020-12-23,4
occupied Palestinian territory,PSE,EMRO,REPORTING,2021-11-15,2974583,1886212,58.309,36.974,1339710,26.262,"AstraZeneca - Vaxzevria,Beijing CNBG - BBIBP-CorV,Gamaleya - Gam-Covid-Vac,Gamaleya - Sputnik-Light,Janssen - Ad26.COV 2-S,Moderna - Spikevax,Pfizer BioNTech - Comirnaty,Sinovac - CoronaVac",2021-02-02,8
Oman,OMN,EMRO,REPORTING,2021-10-10,5271912,2962504,103.237,58.013,2309408,45.224,"AstraZeneca - Vaxzevria,Gamaleya - Gam-Covid-Vac,Pfizer BioNTech - Comirnaty,SII - Covishield,Sinovac - CoronaVac",2020-12-29,5
Pakistan,PAK,EMRO,REPORTING,2021-11-21,119875376,78845170,54.269,35.694,48982797,22.175,"Beijing CNBG - BBIBP-CorV,Bharat - Covaxin,CanSino - Convidecia,Gamaleya - Gam-Covid-Vac,Moderna - Spikevax,Pfizer BioNTech - Comirnaty,SII - Covishield,Sinovac - CoronaVac",2021-02-03,8
Palau,PLW,WPRO,REPORTING,2021-11-15,33270,17893,183.893,98.9,15625,86.364,"Janssen - Ad26.COV 2-S,Moderna - Spikevax,Pfizer BioNTech - Comirnaty",2021-01-03,3
Panama,PAN,AMRO,REPORTING,2021-11-19,5944438,3068531,137.77,71.117,2728658,63.24,"AstraZeneca - Vaxzevria,Pfizer BioNTech - Comirnaty",2021-01-20,2
Papua New Guinea,PNG,WPRO,REPORTING,2021-11-07,337131,254708,3.768,2.847,181283,2.026,"AstraZeneca - Vaxzevria,Beijing CNBG - BBIBP-CorV,Janssen - Ad26.COV 2-S,SII - Covishield",2021-03-30,4
Paraguay,PRY,AMRO,REPORTING,2021-11-19,5921882,3279439,83.026,45.979,2557956,35.863,"AstraZeneca - Vaxzevria,Beijing CNBG - BBIBP-CorV,Bharat - Covaxin,Gamaleya - Gam-Covid-Vac,Julphar - Hayat-Vax,Moderna - Spikevax,Pfizer BioNTech - Comirnaty,Sinovac - CoronaVac",2021-02-22,8
Peru,PER,AMRO,REPORTING,2021-11-19,38794680,21493915,117.66,65.189,16885965,51.213,"AstraZeneca - Vaxzevria,Beijing CNBG - BBIBP-CorV,Pfizer BioNTech - Comirnaty",2021-02-09,3
Philippines,PHL,WPRO,REPORTING,2021-11-11,67716205,40517967,61.796,36.975,30804594,28.111,"AstraZeneca - Vaxzevria,Beijing CNBG - BBIBP-CorV,Bharat - Covaxin,Gamaleya - Gam-Covid-Vac,Janssen - Ad26.COV 2-S,Julphar - Hayat-Vax,Moderna - Spikevax,Novavax - Covavax,Pfizer BioNTech - Comirnaty,Sinovac - CoronaVac",2021-03-01,10
Pitcairn Islands,PCN,WPRO,REPORTING,2021-11-11,74,37,148,74,37,74,AstraZeneca - Vaxzevria,2021-05-17,1
Poland,POL,EURO,REPORTING,2021-11-14,38449285,20551449,101.3,54.142,17897836,53.178,"AstraZeneca - Vaxzevria,Janssen - Ad26.COV 2-S,Moderna - Spikevax,Pfizer BioNTech - Comirnaty",2020-12-23,4
Portugal,PRT,EURO,REPORTING,2021-11-14,16308391,9053901,158.4,87.958,7252326,81.371,"AstraZeneca - Vaxzevria,Janssen - Ad26.COV 2-S,Moderna - Spikevax,Pfizer BioNTech - Comirnaty",2020-12-23,4
Puerto Rico,PRI,AMRO,REPORTING,2021-11-19,5573472,3017676,194.819,105.482,2376812,83.081,"Janssen - Ad26.COV 2-S,Moderna - Spikevax,Pfizer BioNTech - Comirnaty",,3
Qatar,QAT,EMRO,REPORTING,2021-11-22,4922055,,170.842,,,,"AstraZeneca - Vaxzevria,Janssen - Ad26.COV 2-S,Moderna - Spikevax,Pfizer BioNTech - Comirnaty",2020-12-23,4
Republic of Korea,KOR,WPRO,REPORTING,2021-11-14,80566178,41960278,157.143,81.843,40099131,78.213,"AstraZeneca - Vaxzevria,Janssen - Ad26.COV 2-S,Moderna - Spikevax,Novavax - Covavax,Pfizer BioNTech - Comirnaty",2021-02-26,5
Republic of Moldova,MDA,EURO,REPORTING,2021-11-14,1568214,948882,38.9,23.522,619332,22.365,"AstraZeneca - Vaxzevria,Beijing CNBG - BBIBP-CorV,Gamaleya - Gam-Covid-Vac,Janssen - Ad26.COV 2-S,Pfizer BioNTech - Comirnaty,Sinovac - CoronaVac",2021-03-03,6
Romania,ROU,EURO,REPORTING,2021-11-14,12672789,7507373,65.6,38.84,5165416,35.524,"AstraZeneca - Vaxzevria,Janssen - Ad26.COV 2-S,Moderna - Spikevax,Pfizer BioNTech - Comirnaty",2021-01-27,4
Russian Federation,RUS,EURO,OWID,2021-11-16,114006989,61165173,78.1,41.913,51187971,35.076,"SRCVB - EpiVacCorona, Gamaleya - Sputnik V",,2
Rwanda,RWA,AFRO,REPORTING,2021-11-17,7658150,5061217,59.126,39.076,2776069,21.433,"Beijing CNBG - BBIBP-CorV,Gamaleya - Gam-Covid-Vac,Janssen - Ad26.COV 2-S,Moderna - Spikevax,Pfizer BioNTech - Comirnaty,SII - Covishield,Sinovac - CoronaVac",2021-03-05,7
Saba,XCA,AMRO,REPORTING,2021-11-19,3131,,161.976,,1557,80.548,,,
Saint Helena,SHN,AFRO,OWID,2021-05-05,7892,4361,129.995,71.833,3531,58.162,AstraZeneca - AZD1222,,1
Saint Kitts and Nevis,KNA,AMRO,REPORTING,2021-11-19,51414,26851,96.657,50.479,24563,46.178,"AstraZeneca - Vaxzevria,Pfizer BioNTech - Comirnaty,SII - Covishield",2021-02-22,3
Saint Lucia,LCA,AMRO,REPORTING,2021-11-19,98813,53322,53.812,29.038,44789,24.391,"AstraZeneca - Vaxzevria,Pfizer BioNTech - Comirnaty,SII - Covishield",2021-02-17,3
Saint Vincent and the Grenadines,VCT,AMRO,REPORTING,2021-11-19,50749,29243,45.745,26.359,21506,19.385,"AstraZeneca - Vaxzevria,Gamaleya - Gam-Covid-Vac,Pfizer BioNTech - Comirnaty,SII - Covishield",2021-02-01,4
Samoa,WSM,WPRO,REPORTING,2021-11-11,223504,137258,112.645,69.178,86246,43.468,AstraZeneca - Vaxzevria,2021-04-18,1
San Marino,SMR,EURO,REPORTING,2021-11-07,47619,25284,140.3,73.387,22335,64.827,"Gamaleya - Gam-Covid-Vac,Pfizer BioNTech - Comirnaty",2021-02-24,2
Sao Tome and Principe,STP,AFRO,REPORTING,2021-11-21,114251,82256,52.132,37.533,31995,14.599,"AstraZeneca - Vaxzevria,SII - Covishield",2021-03-15,2
Saudi Arabia,SAU,EMRO,REPORTING,2021-11-22,47079651,24512984,135.232,70.412,22234458,63.867,"AstraZeneca - Vaxzevria,Janssen - Ad26.COV 2-S,Moderna - Spikevax,Pfizer BioNTech - Comirnaty",2021-01-06,4
Senegal,SEN,AFRO,REPORTING,2021-11-22,1903098,1316401,11.366,7.862,918359,5.485,"Beijing CNBG - BBIBP-CorV,Janssen - Ad26.COV 2-S,SII - Covishield",2021-02-23,3
Serbia,SRB,EURO,REPORTING,2021-10-31,6247972,3200043,90.2,46.199,3047929,44.003,"AstraZeneca - Vaxzevria,Beijing CNBG - BBIBP-CorV,Gamaleya - Gam-Covid-Vac,Pfizer BioNTech - Comirnaty",2020-12-23,4
Seychelles,SYC,AFRO,REPORTING,2021-11-17,175390,81669,178.338,83.042,77467,78.769,"Beijing CNBG - BBIBP-CorV,Gamaleya - Gam-Covid-Vac,Julphar - Hayat-Vax,SII - Covishield",2021-01-10,4
Sierra Leone,SLE,AFRO,REPORTING,2021-11-12,744826,603654,9.337,7.567,302686,3.794,"Beijing CNBG - BBIBP-CorV,SII - Covishield",2021-03-15,2
Singapore,SGP,WPRO,REPORTING,2021-11-11,9325656,4690096,159.404,80.168,4635560,79.236,"AstraZeneca - Vaxzevria,Beijing CNBG - BBIBP-CorV,Moderna - Spikevax,Pfizer BioNTech - Comirnaty",2020-12-30,4
Sint Eustatius,XBA,AMRO,REPORTING,2021-11-19,2963,1509,94.393,48.073,1454,46.32,,,
Sint Maarten,SXM,AMRO,REPORTING,2021-11-19,51432,26750,119.938,62.38,24682,57.558,"AstraZeneca - Vaxzevria,Moderna - Spikevax,Pfizer BioNTech - Comirnaty",2021-02-22,3
Slovakia,SVK,EURO,REPORTING,2021-11-14,4900766,2547086,89.8,46.668,2353680,45.235,"AstraZeneca - Vaxzevria,Gamaleya - Gam-Covid-Vac,Janssen - Ad26.COV 2-S,Moderna - Spikevax,Pfizer BioNTech - Comirnaty",2021-01-06,5
Slovenia,SVN,EURO,REPORTING,2021-11-14,2195314,1200086,104.7,57.26,995228,53.985,"AstraZeneca - Vaxzevria,Janssen - Ad26.COV 2-S,Moderna - Spikevax,Pfizer BioNTech - Comirnaty",2020-12-23,4
Solomon Islands,SLB,WPRO,REPORTING,2021-11-12,193817,150777,28.217,21.951,43040,6.266,"AstraZeneca - Vaxzevria,Beijing CNBG - BBIBP-CorV,SII - Covishield",2021-03-23,3
Somalia,SOM,EMRO,REPORTING,2021-11-21,1139332,678588,7.169,4.27,706505,4.445,"Beijing CNBG - BBIBP-CorV,Janssen - Ad26.COV 2-S,SII - Covishield,Sinovac - CoronaVac",2021-03-16,4
South Africa,ZAF,AFRO,REPORTING,2021-11-21,24646053,16652562,41.556,28.078,13876443,23.397,"Janssen - Ad26.COV 2-S,Pfizer BioNTech - Comirnaty",2021-02-17,2
South Sudan,SSD,AFRO,REPORTING,2021-11-18,198744,84839,1.775,0.758,113905,1.018,"Janssen - Ad26.COV 2-S,SII - Covishield",2021-04-06,2
Spain,ESP,EURO,REPORTING,2021-11-14,22346478,15479176,47.2,32.703,6867302,15.046,"AstraZeneca - Vaxzevria,Janssen - Ad26.COV 2-S,Moderna - Spikevax,Pfizer BioNTech - Comirnaty",2020-12-30,4
Sri Lanka,LKA,SEARO,REPORTING,2021-11-16,29570512,15888053,138.094,74.197,13682459,63.897,"AstraZeneca - Vaxzevria,Beijing CNBG - BBIBP-CorV,Gamaleya - Gam-Covid-Vac,Moderna - Spikevax,Pfizer BioNTech - Comirnaty,SII - Covishield",2021-01-29,6
Sudan,SDN,EMRO,REPORTING,2021-10-17,2698219,2271624,6.153,5.181,1013673,2.312,"Beijing CNBG - BBIBP-CorV,Janssen - Ad26.COV 2-S,Pfizer BioNTech - Comirnaty,SII - Covishield,Sinovac - CoronaVac",2021-03-09,5
Suriname,SUR,AMRO,REPORTING,2021-11-19,468275,254967,79.824,43.463,213308,36.361,"AstraZeneca - Vaxzevria,Beijing CNBG - BBIBP-CorV,Moderna - Spikevax,Pfizer BioNTech - Comirnaty,SII - Covishield",2021-02-23,5
Sweden,SWE,EURO,REPORTING,2021-11-14,14236091,7269577,137.8,70.39,6966514,67.455,"AstraZeneca - Vaxzevria,Moderna - Spikevax,Pfizer BioNTech - Comirnaty",2020-12-23,3
Switzerland,CHE,EURO,REPORTING,2021-11-14,11095692,5788540,128.2,67.261,5307152,62.019,"Janssen - Ad26.COV 2-S,Moderna - Spikevax,Pfizer BioNTech - Comirnaty",2020-12-23,3
Syrian Arab Republic,SYR,EMRO,REPORTING,2021-11-15,1342360,823249,7.67,4.704,722839,4.13,"Beijing CNBG - BBIBP-CorV,Gamaleya - Gam-Covid-Vac,Gamaleya - Sputnik-Light,Janssen - Ad26.COV 2-S,SII - Covishield,Sinovac - CoronaVac",2021-04-01,6
Tajikistan,TJK,EURO,REPORTING,2021-11-14,5059324,2788171,53,29.233,2271153,23.813,"AstraZeneca - Vaxzevria,Gamaleya - Gam-Covid-Vac,Moderna - Spikevax,Pfizer BioNTech - Comirnaty,SII - Covishield,Sinovac - CoronaVac",2021-03-24,6
Thailand,THA,SEARO,REPORTING,2021-11-13,81708694,45204553,117.061,64.763,36504141,52.298,"AstraZeneca - Vaxzevria,Beijing CNBG - BBIBP-CorV,Janssen - Ad26.COV 2-S,Moderna - Spikevax,Pfizer BioNTech - Comirnaty,SII - Covishield,Sinovac - CoronaVac",2021-02-28,7
The United Kingdom,GBR,EURO,REPORTING,2021-11-15,109471164,50582504,161.3,74.321,45910625,67.629,"AstraZeneca - Vaxzevria,Moderna - Spikevax,Pfizer BioNTech - Comirnaty",2020-12-21,3
Timor-Leste,TLS,SEARO,REPORTING,2021-11-16,1017255,616024,77.156,46.724,401231,30.432,"AstraZeneca - Vaxzevria,Pfizer BioNTech - Comirnaty,SII - Covishield,Sinovac - CoronaVac",2021-04-07,4
Togo,TGO,AFRO,REPORTING,2021-11-19,1507722,998792,18.212,12.065,508930,6.147,SII - Covishield,2021-03-10,1
Tokelau,TKL,WPRO,REPORTING,2021-09-28,1936,968,143.407,71.704,968,71.704,Pfizer BioNTech - Comirnaty,2021-07-20,1
Tonga,TON,WPRO,REPORTING,2021-11-15,116753,72695,110.462,68.778,44058,41.684,"AstraZeneca - Vaxzevria,Pfizer BioNTech - Comirnaty",2021-04-14,2
Trinidad and Tobago,TTO,AMRO,REPORTING,2021-11-19,1267312,675336,90.555,48.256,631960,45.157,"AstraZeneca - Vaxzevria,Beijing CNBG - BBIBP-CorV,Janssen - Ad26.COV 2-S,Pfizer BioNTech - Comirnaty,SII - Covishield",2021-02-17,5
Tunisia,TUN,EMRO,REPORTING,2021-11-12,10810653,6834560,91.471,57.829,4764923,40.317,"AstraZeneca - Vaxzevria,Beijing CNBG - BBIBP-CorV,Gamaleya - Gam-Covid-Vac,Janssen - Ad26.COV 2-S,Moderna - Spikevax,Pfizer BioNTech - Comirnaty,Sinovac - CoronaVac",2021-03-13,7
Turkey,TUR,EURO,OWID,2021-11-16,118367035,55824402,140.3,67.133,50332711,59.679,"Pfizer BioNTech - Comirnaty, Sinovac - CoronaVac",,2
Turkmenistan,TKM,EURO,REPORTING,2021-08-29,7580976,4374694,125.7,72.535,3206282,53.162,"AstraZeneca - Vaxzevria,Beijing CNBG - BBIBP-CorV,Gamaleya - Gam-Covid-Vac,SRCVB - EpiVacCorona",2021-02-24,4
Turks and Caicos Islands,TCA,AMRO,REPORTING,2021-11-19,56343,29210,145.521,75.443,27133,70.079,Pfizer BioNTech - Comirnaty,2021-01-11,1
Tuvalu,TUV,WPRO,REPORTING,2021-10-22,12114,6230,102.731,52.832,5884,49.898,AstraZeneca - Vaxzevria,2021-04-13,1
Uganda,UGA,AFRO,REPORTING,2021-11-15,4751422,3838439,10.388,8.392,912983,1.996,"Janssen - Ad26.COV 2-S,Moderna - Spikevax,Pfizer BioNTech - Comirnaty,SII - Covishield,Sinovac - CoronaVac",2021-03-10,5
Ukraine,UKR,EURO,REPORTING,2021-11-14,20928950,12266891,47.9,28.049,8662059,19.807,"AstraZeneca - Vaxzevria,Janssen - Ad26.COV 2-S,Moderna - Spikevax,Pfizer BioNTech - Comirnaty,SII - Covishield,Sinovac - CoronaVac",2021-02-24,6
United Arab Emirates,ARE,EMRO,REPORTING,2021-11-21,21705367,,219.459,,,,"AstraZeneca - Vaxzevria,Beijing CNBG - BBIBP-CorV,Gamaleya - Gam-Covid-Vac,Pfizer BioNTech - Comirnaty,SII - Covishield",2020-12-14,5
United Republic of Tanzania,TZA,AFRO,REPORTING,2021-11-22,1337045,353244,2.238,0.591,983801,1.647,"Beijing CNBG - BBIBP-CorV,Janssen - Ad26.COV 2-S,Pfizer BioNTech - Comirnaty",2021-07-28,3
United States of America,USA,AMRO,REPORTING,2021-11-19,479921913,267333406,144.99,80.765,196594297,59.394,"Janssen - Ad26.COV 2-S,Moderna - Spikevax,Pfizer BioNTech - Comirnaty",2020-12-14,3
Uruguay,URY,AMRO,REPORTING,2021-11-19,6712068,2774373,193.224,79.867,2637306,75.921,"AstraZeneca - Vaxzevria,Pfizer BioNTech - Comirnaty,Sinovac - CoronaVac",2021-02-27,3
Uzbekistan,UZB,EURO,REPORTING,2021-11-07,25214793,12651092,75.3,50.277,8387397,25.06,"Anhui ZL - Recombinant,Gamaleya - Gam-Covid-Vac,Moderna - Spikevax,Pfizer BioNTech - Comirnaty,SII - Covishield,Sinovac - CoronaVac",2021-04-28,6
Vanuatu,VUT,WPRO,REPORTING,2021-11-14,129568,89472,42.185,29.13,40110,13.059,"AstraZeneca - Vaxzevria,Beijing CNBG - BBIBP-CorV",2021-06-02,2
Venezuela (Bolivarian Republic of),VEN,AMRO,REPORTING,2021-11-19,23156914,13858057,81.435,48.734,9271857,32.606,"Beijing CNBG - BBIBP-CorV,CIGB - CIGB-66,Gamaleya - Gam-Covid-Vac,Sinovac - CoronaVac",2021-02-22,4
Viet Nam,VNM,WPRO,REPORTING,2021-11-11,96557452,63682168,99.198,65.423,32875284,33.774,"AstraZeneca - Vaxzevria,Beijing CNBG - BBIBP-CorV,CIGB - CIGB-66,Gamaleya - Gam-Covid-Vac,Moderna - Spikevax,Pfizer BioNTech - Comirnaty",2021-03-08,6
Wallis and Futuna,WLF,WPRO,REPORTING,2021-11-16,11878,5996,105.62,53.317,5882,52.303,Moderna - Spikevax,2021-03-19,1
Yemen,YEM,EMRO,REPORTING,2021-11-21,759220,537397,2.546,1.802,353822,1.186,"Janssen - Ad26.COV 2-S,SII - Covishield,Sinovac - CoronaVac",2021-04-20,3
Zambia,ZMB,AFRO,REPORTING,2021-11-18,985443,806611,5.36,4.388,626900,3.41,"Beijing CNBG - BBIBP-CorV,Janssen - Ad26.COV 2-S,SII - Covishield",2021-04-14,3
Zimbabwe,ZWE,AFRO,REPORTING,2021-11-13,6164860,3468344,41.478,23.336,2696516,18.143,"Beijing CNBG - BBIBP-CorV,Bharat - Covaxin,Gamaleya - Gam-Covid-Vac,Sinovac - CoronaVac",2021-02-18,4
